<?xml version='1.0' encoding='UTF-8'?>
<customAcclerators>
  <customGroup name='envelopes'>
    <customAccelerator>
      <name>panning code</name>
      <signature>krtl     =	sqrt(2) / 2 * cos(kSpace) + sin(kSpace) ; CONSTANT POWER PANNING
krtr     =      sqrt(2) / 2 * cos(kSpace) - sin(kSpace)	; FROM C.ROADS "CM TUTORIAL" pp460

aLeft 	=	aout * krtl
aRight	=	aout * krtr</signature>
    </customAccelerator>
    <customAccelerator>
      <name>half-sine envelope</name>
      <signature>kenv	oscili  	kamp, .5 / p3, 1</signature>
    </customAccelerator>
    <customAccelerator>
      <name>default instrument</name>
      <signature>ifreq 	= 		cpspch(p4)
iamp	=		ampdb(p5)
iSpace		=	p6		;range -1(L) to 1(R)


kenv	linseg  0, p3 * 0.5, 1, p3 * 0.5, 0
krtl     =	sqrt(2) / 2 * cos(kSpace) + sin(kSpace) ; CONSTANT POWER PANNING
krtr     =      sqrt(2) / 2 * cos(kSpace) - sin(kSpace)	; FROM C.ROADS "CM TUTORIAL" pp460



aLeft 	=	aout * krtl
aRight	=	aout * krtr
	outs 	aLeft, aRight
      </signature>
    </customAccelerator>
  </customGroup>
</customAcclerators>