<?xml version='1.0' encoding='UTF-8'?>
<CsoundOpcodes>
  <opcodeGroup name='Instrument Control'>
    <opcodeGroup name='Instrument Definition and Invocation'>
      <opcode>
        <name>turnon</name>
        <signature>	turnon	insnum [,itime]
	</signature>
      </opcode>
      <opcode>
        <name>schedule</name>
        <signature>	schedule	insnum, iwhen, idur, ....
	</signature>
      </opcode>
      <opcode>
        <name>schedwhen</name>
        <signature>	schedwhen	ktrigger, kinsnum, kwhen, kdur, ....
	</signature>
      </opcode>
      <opcode>
        <name>schedkwhen</name>
        <signature>schedkwhen ktrigger, kmintime, kmaxinst, kinsnum, kwhen, kdur [,kp4,...,kpN]</signature>
      </opcode>
    </opcodeGroup>
    <opcodeGroup name='Variable Assignment'>
      <opcode>
        <name>pset</name>
        <signature>	pset	const1, const2, const3, ...</signature>
      </opcode>
      <opcode>
        <name>init</name>
        <signature>xr	init 	iarg</signature>
      </opcode>
      <opcode>
        <name>tival</name>
        <signature>ir	tival </signature>
      </opcode>
    </opcodeGroup>
    <opcodeGroup name='Reinitialization'>
      <opcode>
        <name>reinit</name>
        <signature>	reinit	label</signature>
      </opcode>
      <opcode>
        <name>rigoto</name>
        <signature>	rigoto	label</signature>
      </opcode>
      <opcode>
        <name>rireturn</name>
        <signature>	rireturn</signature>
      </opcode>
    </opcodeGroup>
    <opcodeGroup name='Duration Control'>
      <opcode>
        <name>ihold</name>
        <signature>	ihold</signature>
      </opcode>
      <opcode>
        <name>turnoff</name>
        <signature>	turnoff</signature>
      </opcode>
    </opcodeGroup>
    <opcodeGroup name='Program Flow Control - Jumps'>
      <opcode>
        <name>igoto</name>
        <signature>	igoto	label</signature>
      </opcode>
      <opcode>
        <name>tigoto</name>
        <signature>	tigoto	label</signature>
      </opcode>
      <opcode>
        <name>kgoto</name>
        <signature>	kgoto	label</signature>
      </opcode>
      <opcode>
        <name>goto</name>
        <signature>	goto	label</signature>
      </opcode>
      <opcode>
        <name>if</name>
        <signature>if ia/ka >... ib/kb igoto/kgoto/igoto	label</signature>
      </opcode>
      <opcode>
        <name>timout</name>
        <signature>	timout 	istrt, idur, label</signature>
      </opcode>
    </opcodeGroup>
    <opcodeGroup name='Performance Control for Real-Time Operation'>
      <opcode>
        <name>active</name>
        <signature>inum	active	insnum</signature>
      </opcode>
      <opcode>
        <name>cpuprc</name>
        <signature>	cpuprc	insnum, ipercent</signature>
      </opcode>
      <opcode>
        <name>maxalloc</name>
        <signature>	maxalloc	insnum, icount</signature>
      </opcode>
      <opcode>
        <name>prealloc</name>
        <signature>	prealloc	insnum, icount</signature>
      </opcode>
    </opcodeGroup>
    <opcodeGroup name='Time Reading'>
      <opcode>
        <name>timek</name>
        <signature>nr	timek</signature>
      </opcode>
      <opcode>
        <name>times</name>
        <signature>nr	times</signature>
      </opcode>
      <opcode>
        <name>timeinstk</name>
        <signature>kr	timeinstk</signature>
      </opcode>
      <opcode>
        <name>timeinsts</name>
        <signature>kr	timeinsts</signature>
      </opcode>
      <opcode>
        <name>rtclock</name>
        <signature>kr	rtclock</signature>
      </opcode>
    </opcodeGroup>
    <opcodeGroup name='Timing Opcodes'>
      <opcode>
        <name>clockon</name>
        <signature>	clockon	inum</signature>
      </opcode>
      <opcode>
        <name>clockoff</name>
        <signature>	clockoff	inum</signature>
      </opcode>
      <opcode>
        <name>readclock</name>
        <signature>ival	readclock	inum</signature>
      </opcode>
    </opcodeGroup>
    <opcodeGroup name='Sensing and Control'>
      <opcode>
        <name>trigger</name>
        <signature>ktrig	trigger	ksig, kthreshold, kmode</signature>
      </opcode>
      <opcode>
        <name>seqtime</name>
        <signature>ktrig	seqtime	ktime_unit, kstart, kloop, initndx, kfn_times</signature>
      </opcode>
      <opcode>
        <name>trigseq</name>
        <signature>	trigseq	ktrig_in,  kstart,  kloop, initndx,  kfn_values, kout1 [,kout2, kout3, ....,  koutN]</signature>
      </opcode>
      <opcode>
        <name>peak</name>
        <signature>kpeak	peak 	nsig</signature>
      </opcode>
      <opcode>
        <name>follow</name>
        <signature>ar	follow	asig, idelt</signature>
      </opcode>
      <opcode>
        <name>follow2</name>
        <signature>ar	follow2	asig, katt, krel</signature>
      </opcode>
      <opcode>
        <name>tempest</name>
        <signature>ktemp	tempest	kin, iprd, imindur, imemdur, ihp, ithresh, ihtim, ixfdbak, istartempo, ifn [,idisprd, itweek]</signature>
      </opcode>
      <opcode>
        <name>pitch</name>
        <signature>koct,kamp pitch	asig, iupdte, ilo, ihi, idbthresh [,ifrqs, iconf, istrt, iocts, iq, inptls, irolloff, iskip]</signature>
      </opcode>
      <opcode>
        <name>pitchamdf</name>
        <signature>kcps,krms pitchamdf	asig, imincps, imaxcps [,icps] [,imedian] [,idowns] [,iexcps] [,irmsmedi]</signature>
      </opcode>
      <opcode>
        <name>tempo</name>
        <signature>	tempo	ktempo, istartempo</signature>
      </opcode>
    </opcodeGroup>
    <opcodeGroup name='GUI Controls'>
      <opcode>
        <name>sensekey</name>
        <signature>ksig	sensekey</signature>
      </opcode>
      <opcode>
        <name>xyin</name>
        <signature>kx, ky	xyin	iprd, ixmin, ixmax, iymin, iymax [,ixinit, iyinit]</signature>
      </opcode>
      <opcode>
        <name>setctrl</name>
        <signature>	setctrl	islidernum, kvalue, itype [, label ] </signature>
      </opcode>
      <opcode>
        <name>control</name>
        <signature>	kout	control	kslidernum</signature>
      </opcode>
      <opcode>
        <name>button</name>
        <signature>kans	button	inum</signature>
      </opcode>
      <opcode>
        <name>checkbox</name>
        <signature>kans	checkbox	inum</signature>
      </opcode>
      <opcode>
        <name>flashtxt</name>
        <signature>flashtxt	iwhich, String</signature>
      </opcode>
    </opcodeGroup>
  </opcodeGroup>
  <opcodeGroup name='MIDI'>
    <opcodeGroup name='Channel to Instrument Assignment'>
      <opcode>
        <name>massign</name>
        <signature>massign	ichnl, insnum</signature>
      </opcode>
    </opcodeGroup>
    <opcodeGroup name='Converters'>
      <opcode>
        <name>notnum</name>
        <signature>ival	notnum</signature>
      </opcode>
      <opcode>
        <name>veloc</name>
        <signature>ival	veloc	[imin, imax]</signature>
      </opcode>
      <opcode>
        <name>cpsmidi</name>
        <signature>icps	cpsmidi</signature>
      </opcode>
      <opcode>
        <name>cpsmidib</name>
        <signature>ncps	cpsmidib	[irange]</signature>
      </opcode>
      <opcode>
        <name>cpstmid</name>
        <signature>ival	cpstmid	ifn</signature>
      </opcode>
      <opcode>
        <name>octmidi</name>
        <signature>ioct	octmidi</signature>
      </opcode>
      <opcode>
        <name>octmidib</name>
        <signature>noct	octmidib	[irange]</signature>
      </opcode>
      <opcode>
        <name>pchmidi</name>
        <signature>ipch	pchmidi</signature>
      </opcode>
      <opcode>
        <name>pchmidib</name>
        <signature>npch	pchmidib	[irange]</signature>
      </opcode>
      <opcode>
        <name>ampmidi</name>
        <signature>iamp	ampmidi	iscal [,ifn]</signature>
      </opcode>
      <opcode>
        <name>aftouch</name>
        <signature>kaft	aftouch	[imin, imax]</signature>
      </opcode>
      <opcode>
        <name>pchbend</name>
        <signature>xbend	pchbend	[imin, imax]</signature>
      </opcode>
      <opcode>
        <name>midictrl</name>
        <signature>nval	midictrl	inum [,imin, imax]</signature>
      </opcode>
      <opcode>
        <name>polyaft</name>
        <signature>nval	polyaft	inum [,imin, imax]</signature>
      </opcode>
    </opcodeGroup>
    <opcodeGroup name='Controller Input'>
      <opcode>
        <name>initc7/14/21</name>
        <signature>	initc7/14/21 ichan, ictlno, (ictlno2, ictlno3,) ivalue</signature>
      </opcode>
      <opcode>
        <name>ctrlinit</name>
        <signature>	ctrlinit	ichnkm, ictlno1, ival1 [,ictlno2, ival2 [,ictlno3, ival3[,..ival32]]</signature>
      </opcode>
      <opcode>
        <name>midic7/14/21</name>
        <signature>ndest	midic7/14/21	ictlno, (ictlno2, ictlno3,) nmin, nmax [,ifn]</signature>
      </opcode>
      <opcode>
        <name>ctrl7/14/21</name>
        <signature>ndest	ctrl7/14/21	ichan, ictlno, (ictlno2, ictlno3,) nmin, nmax [,ifn]</signature>
      </opcode>
      <opcode>
        <name>chanctrl</name>
        <signature>nval	chanctrl	ichan, ictlno [,ilow,ihigh]</signature>
      </opcode>
    </opcodeGroup>
    <opcodeGroup name='Slider Banks'>
      <opcode>
        <name>sliderN (N = 8, 16, 32, or 64)</name>
        <signature>k1,...,kN	sliderN	ichan, ictlnum1, imin1, imax1, init1, ifn1, ....,ictlnumN, iminN, imaxN, initN, ifnN</signature>
      </opcode>
      <opcode>
        <name>sliderNfN (N = 8, 16, 32, or 64)</name>
        <signature>k1,...,kN	sliderNf 	ichan, ictlnum1, imin1, imax1, init1, ifn1, icutoff1, ....,ictlnumN, iminN, imaxN, initN, ifnN, icutoffN</signature>
      </opcode>
      <opcode>
        <name>sliderN (N = 8, 16, 32, or 64) (ivalue)</name>
        <signature>i1,...,iN	sliderN 	ichan, ictlnum1, imin1, imax1, ifn1, ....,ictlnumN, iminN, imaxN, ifnN</signature>
      </opcode>
      <opcode>
        <name>sNb14 (N=16 or 32)</name>
        <signature>k1,...,kN	sNb14 	ichan, ictlno_msb1, ictlno_lsb1, imin1, imax1, initvalue1, ifn1, ...., ictlno_msbN, ictlno_lsbN, iminN, imaxN, initvalueN, ifnN</signature>
      </opcode>
      <opcode>
        <name>sNb14 (N=16 or 32)</name>
        <signature>i1,...,iN	sNb14 	ichan, ictlno_msb1, ictlno_lsb1, imin1, imax1, ifn1, ...., ictlno_msbN, ictlno_lsbN, iminN, imaxN, ifnN</signature>
      </opcode>
    </opcodeGroup>
    <opcodeGroup name='Generic I/O'>
      <opcode>
        <name>midiin</name>
        <signature>	midiin</signature>
      </opcode>
      <opcode>
        <name>midiout</name>
        <signature>	midiout	kstatus, kchan, kdata1, kdata2</signature>
      </opcode>
    </opcodeGroup>
    <opcodeGroup name='Note Output'>
      <opcode>
        <name>noteon</name>
        <signature>	noteon	ichn, inum, ivel</signature>
      </opcode>
      <opcode>
        <name>noteoff</name>
        <signature>	noteoff	ichn, inum, ivel</signature>
      </opcode>
      <opcode>
        <name>noteondur</name>
        <signature>	noteondur	ichn, inum, ivel, idur</signature>
      </opcode>
      <opcode>
        <name>noteondur2</name>
        <signature>	noteondur2	ichn, inum, ivel, idur</signature>
      </opcode>
      <opcode>
        <name>moscil</name>
        <signature>	moscil	kchn, knum, kvel, kdur, kpause</signature>
      </opcode>
      <opcode>
        <name>midion</name>
        <signature>	midion	kchn, knum, kvel</signature>
      </opcode>
      <opcode>
        <name>midion2</name>
        <signature>	midion2	kchn, knum, kvel, ktrig</signature>
      </opcode>
    </opcodeGroup>
    <opcodeGroup name='MIDI Message Output'>
      <opcode>
        <name>outic</name>
        <signature>	outic	ichn, inum, ivalue, imin, imax</signature>
      </opcode>
      <opcode>
        <name>outkc</name>
        <signature>	outkc	kchn, knum, kvalue, kmin, kmax</signature>
      </opcode>
      <opcode>
        <name>outic14</name>
        <signature>	outic14	ichn, imsb, ilsb, ivalue, imin, imax</signature>
      </opcode>
      <opcode>
        <name>outkc14</name>
        <signature>	outkc14	kchn, kmsb, klsb, kvalue, kmin, kmax</signature>
      </opcode>
      <opcode>
        <name>outipb</name>
        <signature>	outipb	ichn, ivalue, imin, imax</signature>
      </opcode>
      <opcode>
        <name>outkpb</name>
        <signature>	outkpb	kchn, kvalue, kmin, kmax</signature>
      </opcode>
      <opcode>
        <name>outiat</name>
        <signature>	outiat	ichn, ivalue, imin, imax</signature>
      </opcode>
      <opcode>
        <name>outkat</name>
        <signature>	outkat	kchn, kvalue, kmin, kmax</signature>
      </opcode>
      <opcode>
        <name>outipc</name>
        <signature>	outipc	ichn, iprog, imin, imax</signature>
      </opcode>
      <opcode>
        <name>outkpc</name>
        <signature>	outkpc	kchn, kprog, kmin, kmax</signature>
      </opcode>
      <opcode>
        <name>outipat</name>
        <signature>	outipat	ichn, inotenum, ivalue, imin, imax</signature>
      </opcode>
      <opcode>
        <name>outkpat</name>
        <signature>	outkpat	kchn, knotenum, kvalue, kmin, kmax</signature>
      </opcode>
      <opcode>
        <name>nrpn</name>
        <signature>	nrpn	kchan, kparmnum, kparmvalu</signature>
      </opcode>
      <opcode>
        <name>mdelay</name>
        <signature>	mdelay	kstatus, kchan, kdata1, kdata2, kdelay</signature>
      </opcode>
    </opcodeGroup>
    <opcodeGroup name='Real-time Messages'>
      <opcode>
        <name>mclock</name>
        <signature>	mclock	ifreq</signature>
      </opcode>
      <opcode>
        <name>mrtmsg</name>
        <signature>	mrtmsg	imsgtype</signature>
      </opcode>
    </opcodeGroup>
    <opcodeGroup name='Midi Event Extenders'>
      <opcode>
        <name>xtratim</name>
        <signature>	xtratim	 iextradur</signature>
      </opcode>
      <opcode>
        <name>release</name>
        <signature>kflag	release</signature>
      </opcode>
    </opcodeGroup>
  </opcodeGroup>
  <opcodeGroup name='Function Table Control'>
    <opcodeGroup name='Table Creation'>
      <opcode>
        <name>ftgen</name>
        <signature>	iafn	ftgen	ifn, itime, isize, igen, iarga[,...iargz]</signature>
      </opcode>
    </opcodeGroup>
    <opcodeGroup name='Function Table Information'>
      <opcode>
        <name>ftlen</name>
        <signature>	ftlen(ifn)	(init-time args only)</signature>
      </opcode>
      <opcode>
        <name>ftlptim</name>
        <signature>	ftlptim(ifn)	(init-time args only)</signature>
      </opcode>
      <opcode>
        <name>ftsr</name>
        <signature>	ftsr(ifn)	(init-time args only)</signature>
      </opcode>
      <opcode>
        <name>nsamp</name>
        <signature>	nsamp(ifn)	(init-time args only)</signature>
      </opcode>
      <opcode>
        <name>tableng</name>
        <signature>	nr	tableng	nfn</signature>
      </opcode>
    </opcodeGroup>
    <opcodeGroup name='Read/Write Operations'>
      <opcode>
        <name>tableicopy</name>
        <signature>	tableicopy	idfn, isfn</signature>
      </opcode>
      <opcode>
        <name>tablecopy</name>
        <signature>	tablecopy	kdfn, ksfn</signature>
      </opcode>
      <opcode>
        <name>tableiw</name>
        <signature>	tableiw	isig, indx, ifn [,ixmode] [,ixoff] [,iwgmode]</signature>
      </opcode>
      <opcode>
        <name>tablew</name>
        <signature>	tablew	xsig, xndx, ifn [,ixmode] [,ixoff] [,iwgmode]</signature>
      </opcode>
      <opcode>
        <name>tablewkt</name>
        <signature>	tablewkt	xsig, xndx, kfn [,ixmode] [,ixoff] [,iwgmode] </signature>
      </opcode>
      <opcode>
        <name>tableigpw</name>
        <signature>	tableigpw	ifn</signature>
      </opcode>
      <opcode>
        <name>tablegpw</name>
        <signature>	tablegpw	kfn</signature>
      </opcode>
      <opcode>
        <name>tablera</name>
        <signature>ar	tablera	kfn, kstart, koff</signature>
      </opcode>
      <opcode>
        <name>tablewa</name>
        <signature>kstart	tablewa	kfn, asig, koff</signature>
      </opcode>
      <opcode>
        <name>tablemix</name>
        <signature>	tablemix	kdfn, kdoff, klen, ks1fn, ks1off, ks1g, ks2fn, ks2off, ks2g</signature>
      </opcode>
      <opcode>
        <name>tableimix</name>
        <signature>	tableimix	idfn, idoff, ilen, is1fn, is1off, is1g, is2fn, is2off, is2g</signature>
      </opcode>
    </opcodeGroup>
  </opcodeGroup>
  <opcodeGroup name='Math Operations'>
    <opcodeGroup name='Mathematical Functions'>
      <opcode>
        <name>i(x)</name>
        <signature>i(x)	(control-rate args only)</signature>
      </opcode>
      <opcode>
        <name>int(x)</name>
        <signature>int(x)  	(init- or control-rate args only)</signature>
      </opcode>
      <opcode>
        <name>frac(x)</name>
        <signature>frac(x)	(init- or control-rate args only)</signature>
      </opcode>
      <opcode>
        <name>abs(x)</name>
        <signature>abs(x)	(no rate restriction)</signature>
      </opcode>
      <opcode>
        <name>sqrt(x)</name>
        <signature>sqrt(x)	(no rate restriction)</signature>
      </opcode>
      <opcode>
        <name>exp(x)</name>
        <signature>exp(x)	(no rate restriction)</signature>
      </opcode>
      <opcode>
        <name>log(x)</name>
        <signature>log(x)	(init- or control-rate args only)</signature>
      </opcode>
      <opcode>
        <name>log10(x)</name>
        <signature>log10(x)	(init- or control-rate args only)</signature>
      </opcode>
      <opcode>
        <name>logbtwo(x)</name>
        <signature>logbtwo(x)	(no rate restriction)</signature>
      </opcode>
      <opcode>
        <name>powoftwo(x)</name>
        <signature>powoftwo(x)	(no rate restriction)</signature>
      </opcode>
    </opcodeGroup>
    <opcodeGroup name='Trigonometric Functions'>
      <opcode>
        <name>sin(x)</name>
        <signature>sin(x)	(no rate restriction)</signature>
      </opcode>
      <opcode>
        <name>sininv(x)</name>
        <signature>sininv(x)	(no rate restriction)</signature>
      </opcode>
      <opcode>
        <name>sinh(x)</name>
        <signature>sinh(x)	(no rate restriction)</signature>
      </opcode>
      <opcode>
        <name>cos(x)</name>
        <signature>cos(x)	(no rate restriction)</signature>
      </opcode>
      <opcode>
        <name>cosinv(x)</name>
        <signature>cosinv(x)	(no rate restriction)</signature>
      </opcode>
      <opcode>
        <name>cosh(x)</name>
        <signature>cosh(x)	(no rate restriction)</signature>
      </opcode>
      <opcode>
        <name>tan(x)</name>
        <signature>tan(x)	(no rate restriction)</signature>
      </opcode>
      <opcode>
        <name>taninv(x)</name>
        <signature>taninv(x)	(no rate restriction)</signature>
      </opcode>
      <opcode>
        <name>tanh(x)</name>
        <signature>tanh(x)	(no rate restriction)</signature>
      </opcode>
      <opcode>
        <name>taninv2</name>
        <signature>xr	taninv2	xa, xb</signature>
      </opcode>
    </opcodeGroup>
    <opcodeGroup name='Amplitude Functions'>
      <opcode>
        <name>ampdb(x)</name>
        <signature>ampdb(x)	(no rate restriction)</signature>
      </opcode>
      <opcode>
        <name>dbamp(x)</name>
        <signature>dbamp(x)	(init- or control-rate args only)</signature>
      </opcode>
      <opcode>
        <name>ampdbfs(x)	(no rate restriction)</name>
        <signature>ampdbfs(x)</signature>
      </opcode>
      <opcode>
        <name>dbfsamp(x)</name>
        <signature>dbfsamp(x)	(init- or control-rate args only)</signature>
      </opcode>
    </opcodeGroup>
    <opcodeGroup name='Random Functions'>
      <opcode>
        <name>rnd(x)</name>
        <signature>rnd(x)</signature>
      </opcode>
      <opcode>
        <name>birnd(x)</name>
        <signature>birnd(x)</signature>
      </opcode>
    </opcodeGroup>
    <opcodeGroup name='Opcode Equivalent of Functions'>
      <opcode>
        <name>add</name>
        <signature>xr	add 	xa, xb</signature>
      </opcode>
      <opcode>
        <name>sub</name>
        <signature>xr	sub 	xa, xb</signature>
      </opcode>
      <opcode>
        <name>mul</name>
        <signature>xr	mul 	xa, xb</signature>
      </opcode>
      <opcode>
        <name>div</name>
        <signature>xr	div 	xa, xb</signature>
      </opcode>
      <opcode>
        <name>mod</name>
        <signature>xr	mod 	xa, xb</signature>
      </opcode>
      <opcode>
        <name>divz</name>
        <signature>xr	divz 	xa, xb, nsubst</signature>
      </opcode>
      <opcode>
        <name>pow</name>
        <signature>xr	pow	xarg, xpow [,inorm]</signature>
      </opcode>
      <opcode>
        <name>sum</name>
        <signature>ar	sum	a1, a2, a3, ...</signature>
      </opcode>
      <opcode>
        <name>product</name>
        <signature>ar	product	a1, a2, a3, ...</signature>
      </opcode>
      <opcode>
        <name>mac</name>
        <signature>ar	mac	ksig1, asig2, ksig3, asig4, ...</signature>
      </opcode>
      <opcode>
        <name>maca</name>
        <signature>ar	maca	asig1, asig2, asig3, asig4, ...</signature>
      </opcode>
    </opcodeGroup>
  </opcodeGroup>
  <opcodeGroup name='Pitch Converters'>
    <opcodeGroup name='Functions'>
      <opcode>
        <name>octpch(pch)</name>
        <signature>octpch(pch)	(init- or control-rate args only)</signature>
      </opcode>
      <opcode>
        <name>pchoct(oct)</name>
        <signature>pchoct(oct)	(init- or control-rate args only)</signature>
      </opcode>
      <opcode>
        <name>cpspch(pch)</name>
        <signature>cpspch(pch)	(init- or control-rate args only)</signature>
      </opcode>
      <opcode>
        <name>octcps(cps)</name>
        <signature>octcps(cps)	(init- or control-rate args only)</signature>
      </opcode>
      <opcode>
        <name>cpsoct(oct)</name>
        <signature>cpsoct(oct)	(no rate restriction)</signature>
      </opcode>
    </opcodeGroup>
    <opcodeGroup name='Tuning Opcodes'>
      <opcode>
        <name>cps2pch</name>
        <signature>icps	cps2pch	ipch, iequal</signature>
      </opcode>
      <opcode>
        <name>cpsxpch</name>
        <signature>icps	cpsxpch	ipch, iequal, irepeat, ibase</signature>
      </opcode>
    </opcodeGroup>
  </opcodeGroup>
  <opcodeGroup name='Signal Generators'>
    <opcodeGroup name='Linear and Exponential Generators'>
      <opcode>
        <name>line</name>
        <signature>nr	line	ia, idur1, ib</signature>
      </opcode>
      <opcode>
        <name>expon</name>
        <signature>nr	expon	ia, idur1, ib</signature>
      </opcode>
      <opcode>
        <name>linseg</name>
        <signature>nr	linseg	ia, idur1, ib [,idur2, ic[...]]</signature>
      </opcode>
      <opcode>
        <name>expseg</name>
        <signature>nr	expseg	ia, idur1, ib [,idur2, ic[...]]</signature>
      </opcode>
      <opcode>
        <name>expsega</name>
        <signature>ar	expsega	ia, idur1, ib [,idur2, ic[...]]</signature>
      </opcode>
      <opcode>
        <name>transeg</name>
        <signature>nr	transeg	ia, idur, itype, ib, [idur2, itype, ic[...]]</signature>
      </opcode>
      <opcode>
        <name>linsegr</name>
        <signature>nr	linsegr	ia, idur1, ib [,idur2, ic[...]], irel, iz</signature>
      </opcode>
      <opcode>
        <name>expsegr</name>
        <signature>nr	expsegr	ia, idur1, ib [,idur2, ic[...]], irel, iz</signature>
      </opcode>
      <opcode>
        <name>adsr</name>
        <signature>nr	adsr	iatt, idec, islev, irel [,idel]</signature>
      </opcode>
      <opcode>
        <name>xadsr</name>
        <signature>nr	xadsr	iatt, idec, islev, irel [,idel]</signature>
      </opcode>
      <opcode>
        <name>madsr</name>
        <signature>nr	madsr	iatt, idec, islev, irel [,idel] [,ireltim]</signature>
      </opcode>
      <opcode>
        <name>mxadsr</name>
        <signature>nr	mxadsr	iatt, idec, islev, irel [,idel] [,ireltim]</signature>
      </opcode>
    </opcodeGroup>
    <opcodeGroup name='Table Access'>
      <opcode>
        <name>table</name>
        <signature>xr	table	xndx, ifn [,ixmode] [,ixoff] [,iwrap]</signature>
      </opcode>
      <opcode>
        <name>tablei</name>
        <signature>xr	tablei	xndx, ifn [,ixmode] [,ixoff] [,iwrap]</signature>
      </opcode>
      <opcode>
        <name>table3</name>
        <signature>xr	table3	xndx, ifn [,ixmode] [,ixoff] [,iwrap]</signature>
      </opcode>
      <opcode>
        <name>tablekt</name>
        <signature>kr	tablekt	xndx, kfn [,ixmode] [,ixoff] [,iwrap]</signature>
      </opcode>
      <opcode>
        <name>tableikt</name>
        <signature>ar	tableikt	xndx, kfn [,ixmode] [,ixoff] [,iwrap]</signature>
      </opcode>
      <opcode>
        <name>oscil1</name>
        <signature>kr	oscil1	idel, kamp, idur, ifn</signature>
      </opcode>
      <opcode>
        <name>oscil1i</name>
        <signature>kr	oscil1i	idel, kamp, idur, ifn</signature>
      </opcode>
      <opcode>
        <name>osciln</name>
        <signature>ar	osciln	kamp, ifrq, ifn, itimes</signature>
      </opcode>
    </opcodeGroup>
    <opcodeGroup name='Phase Generators'>
      <opcode>
        <name>phasor</name>
        <signature>nr	phasor	xcps [,iphs]</signature>
      </opcode>
      <opcode>
        <name>phasorbnk</name>
        <signature>nr	phasorbnk	xcps, kndx, icnt [, iphs]</signature>
      </opcode>
    </opcodeGroup>
    <opcodeGroup name='Oscillators'>
      <opcode>
        <name>oscil</name>
        <signature>nr	oscil  	xamp, xcps, ifn [,iphs]</signature>
      </opcode>
      <opcode>
        <name>oscili</name>
        <signature>nr	oscili  	xamp, xcps, ifn [,iphs]</signature>
      </opcode>
      <opcode>
        <name>oscil3</name>
        <signature>nr	oscil3  	xamp, xcps, ifn [,iphs]</signature>
      </opcode>
      <opcode>
        <name>poscil</name>
        <signature>nr	poscil 	kamp, kcps, ifn [,iphs]</signature>
      </opcode>
      <opcode>
        <name>poscil3</name>
        <signature>nr	poscil3 	kamp, kcps, ifn [,iphs]</signature>
      </opcode>
      <opcode>
        <name>lfo</name>
        <signature>nr	lfo    	kamp, kcps [,itype]</signature>
      </opcode>
      <opcode>
        <name>mpulse</name>
        <signature>ar	mpulse	kamp, kfreq [,ioffset]</signature>
      </opcode>
    </opcodeGroup>
    <opcodeGroup name='Dynamic Spectrum Oscillators'>
      <opcode>
        <name>buzz</name>
        <signature>ar	buzz	xamp, xcps, knh, ifn [,iphs]</signature>
      </opcode>
      <opcode>
        <name>gbuzz</name>
        <signature>ar	gbuzz	xamp, xcps, knh, kih, kr, ifn [,iphs]</signature>
      </opcode>
      <opcode>
        <name>vco</name>
        <signature>ar	vco 	kamp, kcps [,iwave] [,kpw] [,isine] [,imaxd]</signature>
      </opcode>
    </opcodeGroup>
    <opcodeGroup name='Oscillator Banks'>
      <opcode>
        <name>adsynt</name>
        <signature>ar	adsynt	kamp, kcps, iwfn, ifreqfn, iampfn, icnt[, iphs]</signature>
      </opcode>
      <opcode>
        <name>hsboscil</name>
        <signature>ar	hsboscil	kamp, ktone, kbrite, ibasfreq, iwfn, ioctfn[, ioctcnt[, iphs]]</signature>
      </opcode>
      <opcode>
        <name>adsyn</name>
        <signature>ar	adsyn	kamod, kfmod, ksmod, ifilcod</signature>
      </opcode>
    </opcodeGroup>
    <opcodeGroup name='FM Synthesis'>
      <opcode>
        <name>foscil</name>
        <signature>ar	foscil  	xamp, kcps, xcar, xmod, kndx, ifn [,iphs]</signature>
      </opcode>
      <opcode>
        <name>foscili</name>
        <signature>ar	foscili  	xamp, kcps, xcar, xmod, kndx, ifn [,iphs]</signature>
      </opcode>
      <opcode>
        <name>fmvoice</name>
        <signature>ar	fmvoice	kamp, kfreq, kvowel, ktilt, kvibamt, kvibrate, ifn1, ifn2, ifn3, ifn4, ivibfn</signature>
      </opcode>
      <opcode>
        <name>fmbell</name>
        <signature>ar	fmbell	kamp, kfreq, kc1, kc2, kvdepth, kvrate, ifn1, ifn2, ifn3, ifn4, ivfn</signature>
      </opcode>
      <opcode>
        <name>fmrhode</name>
        <signature>ar	fmrhode	kamp, kfreq, kc1, kc2, kvdepth, kvrate, ifn1, ifn2, ifn3, ifn4, ivfn</signature>
      </opcode>
      <opcode>
        <name>fmwurlie</name>
        <signature>ar	fmwurlie	kamp, kfreq, kc1, kc2, kvdepth, kvrate, ifn1, ifn2, ifn3, ifn4, ivfn</signature>
      </opcode>
      <opcode>
        <name>fmmetal</name>
        <signature>ar	fmmetal	kamp, kfreq, kc1, kc2, kvdepth, kvrate, ifn1, ifn2, ifn3, ifn4, ivfn</signature>
      </opcode>
      <opcode>
        <name>fmb3</name>
        <signature>ar	fmb3	kamp, kfreq, kc1, kc2, kvdepth, kvrate, ifn1, ifn2, ifn3, ifn4, ivfn</signature>
      </opcode>
      <opcode>
        <name>fmpercfl</name>
        <signature>ar	fmpercfl	kamp, kfreq, kc1, kc2, kvdepth, kvrate, ifn1, ifn2, ifn3, ifn4, ivfn</signature>
      </opcode>
    </opcodeGroup>
    <opcodeGroup name='Sample Playback'>
      <opcode>
        <name>loscil</name>
        <signature>ar1[,ar2]	loscil	xamp, kcps, ifn [,ibas] [,imod1, ibeg1, iend1] [,imod2, ibeg2, iend2]</signature>
      </opcode>
      <opcode>
        <name>loscil3</name>
        <signature>ar1[,ar2]	loscil3	xamp, kcps, ifn [,ibas] [,imod1, ibeg1, iend1] [,imod2, ibeg2, iend2]</signature>
      </opcode>
      <opcode>
        <name>lposcil</name>
        <signature>ar	lposcil 	kamp, kfreqratio, kloop, kend, ifn [,iphs]</signature>
      </opcode>
      <opcode>
        <name>lposcil3</name>
        <signature>ar	lposcil3 	kamp, kfreqratio, kloop, kend, ifn [,iphs]</signature>
      </opcode>
    </opcodeGroup>
    <opcodeGroup name='Granular Synthesis'>
      <opcode>
        <name>fof</name>
        <signature>ar	fof    	xamp, xfund, xform, koct, kband, kris, kdur, kdec, iolaps, ifna, ifnb, itotdur [,iphs] [,ifmode]</signature>
      </opcode>
      <opcode>
        <name>fof2</name>
        <signature>ar	fof2   	xamp, xfund, xform, koct, kband, kris, kdur, kdec, iolaps, ifna, ifnb, itotdur, kphs, kgliss</signature>
      </opcode>
      <opcode>
        <name>fog</name>
        <signature>ar	fog   	xamp, xdens, xtrans, aphs, koct, kband, kris, kdur, kdec, iolaps, ifna, ifnb, itotdur [,iphs] [,itmode]</signature>
      </opcode>
      <opcode>
        <name>grain</name>
        <signature>ar	grain	xamp, xcps, xdens, kampoff, kcpsoff, kgdur, igfn, iwfn, imgdur [,igrnd]</signature>
      </opcode>
      <opcode>
        <name>granule</name>
        <signature>ar	granule	xamp, ivoice, iratio, imode, ithd, ifn, ipshift, igskip, igskip_os, ilength, kgap, igap_os, kgsize, igsize_os, iatt, idec [,iseed] [,ipitch1] [,ipitch2] [,ipitch3] [,ipitch4] [,ifnenv]</signature>
      </opcode>
      <opcode>
        <name>sndwarp</name>
        <signature>ar[,acmp]	sndwarp	xamp, xtimewarp, xresample, ifn1, ibeg, iwsize, irandw, ioverlap, ifn2, itimemode</signature>
      </opcode>
      <opcode>
        <name>sndwarpst</name>
        <signature>	sndwarpst	xamp, xtimewarp, xresample, ifn1, ibeg, iwsize, irandw, ioverlap, ifn2, itimemode</signature>
      </opcode>
    </opcodeGroup>
    <opcodeGroup name='Waveguide Physical Modeling'>
      <opcode>
        <name>pluck</name>
        <signature>ar	pluck	kamp, kcps, icps, ifn, imeth [,iparm1, iparm2]</signature>
      </opcode>
      <opcode>
        <name>wgpluck</name>
        <signature>ar	wgpluck 	ifreq, iamp, kpick, iplk, idamp, ifilt, axcite</signature>
      </opcode>
      <opcode>
        <name>wgpluck2</name>
        <signature>ar	wgpluck2 	iplk, kamp, ifreq, kpick, kabsor</signature>
      </opcode>
      <opcode>
        <name>repluck</name>
        <signature>ar	repluck 	iplk, kamp, ifreq, kpick, kabsor, axcite</signature>
      </opcode>
      <opcode>
        <name>wgbow</name>
        <signature>ar	wgbow	kamp, kfreq, kpres, kratio, kvibf, kvamp, ifn [,iminfreq]</signature>
      </opcode>
      <opcode>
        <name>wgbrass</name>
        <signature>ar	wgbrass	kamp, kfreq, kliptens, idetk, kvibf, kvamp, ifn [,iminfreq]</signature>
      </opcode>
      <opcode>
        <name>wgclar</name>
        <signature>ar	wgclar	kamp, kfreq, kstiff, iatt, idetk, kngain, kvibf, kvamp, ifn [,iminfreq]</signature>
      </opcode>
      <opcode>
        <name>wgflute</name>
        <signature>ar	wgflute	kamp, kfreq, kjet, iatt, idetk, kngain, kvibf, kvamp, ifn [,iminfreq] [,ijetrefl] [,iendrefl]</signature>
      </opcode>
      <opcode>
        <name>wgbowedbar</name>
        <signature>ar	wgbowedbar  kamp, kfreq, kpos, kbowpres, kgain[, kconst, ktVel, ibowpos, ilow]</signature>
      </opcode>
    </opcodeGroup>
    <opcodeGroup name='Various Models and Emulations'>
      <opcode>
        <name>voice</name>
        <signature>ar	voice	kamp, kfreq, kphoneme, kform, kvibf, kvamp, ifn, ivfn</signature>
      </opcode>
      <opcode>
        <name>mandol</name>
        <signature>ar	mandol	kamp, kfreq, kpluck, kdetune, kgain, ksize, ifn [,iminfreq]</signature>
      </opcode>
      <opcode>
        <name>moog</name>
        <signature>ar	moog	kamp, kfreq, kfiltq, kfiltrate, kvibf, kvamp, iafn, iwfn, ivfn</signature>
      </opcode>
      <opcode>
        <name>planet</name>
        <signature>ax,ay,az	planet 	kmass1, kmass2, ksep, ix, iy, iz, ivx, ivy, ivz, idelta [,ifriction]</signature>
      </opcode>
      <opcode>
        <name>lorenz</name>
        <signature>ax,ay,az	lorenz 	ks, kr, kb, kh, ix, iy, iz, iskip</signature>
      </opcode>
      <opcode>
        <name>scanu</name>
        <signature>scanu	init, irate, ifnvel, ifnmass, ifnstif, ifncentr, ifndamp, kmass, kstif, kcentr, kdamp, ileft, iright, kx, ky, ain, idisp, id</signature>
      </opcode>
      <opcode>
        <name>scans</name>
        <signature>ar	scans	kamp, kfreq, ifntraj, id [, korder]</signature>
      </opcode>
    </opcodeGroup>
    <opcodeGroup name='Percussion Models'>
      <opcode>
        <name>vibes</name>
        <signature>ar	vibes	kamp, kfreq, ihrd, ipos, imp, kvibf, kvamp, ivibfn, idec</signature>
      </opcode>
      <opcode>
        <name>marimba</name>
        <signature>ar	marimba	kamp, kfreq, ihrd, ipos, imp, kvibf, kvamp, ivibfn, idec [,idoubles] [,itriples]</signature>
      </opcode>
      <opcode>
        <name>gogobel</name>
        <signature>ar	gogobel	kamp, kfreq, ihrd, ipos, imp, kvibf, kvamp, ivibfn</signature>
      </opcode>
      <opcode>
        <name>shaker</name>
        <signature>ar	shaker	kamp, kfreq, kbeans, kdamp, knum, ktimes [,idecay]</signature>
      </opcode>
      <opcode>
        <name>cabasa</name>
        <signature>ar	cabasa	iamp, idettack[, knum, kdamp, kmaxshake]</signature>
      </opcode>
      <opcode>
        <name>crunch</name>
        <signature>ar	crunch	iamp, idettack[, knum, kdamp, kmaxshake]</signature>
      </opcode>
      <opcode>
        <name>sekere</name>
        <signature>ar	sekere	iamp, idettack[, knum, kdamp, kmaxshake]</signature>
      </opcode>
      <opcode>
        <name>sandpaper</name>
        <signature>ar	sandpaper	iamp, idettack[, knum, kdamp, kmaxshake]</signature>
      </opcode>
      <opcode>
        <name>stix</name>
        <signature>ar	stix	iamp, idettack[, knum, kdamp, kmaxshake]</signature>
      </opcode>
      <opcode>
        <name>guiro</name>
        <signature>ar	guiro 	iamp, idettack[, knum, kdamp, kmaxshake, kfreq, kfreq1]</signature>
      </opcode>
      <opcode>
        <name>tambourine</name>
        <signature>ar	tambourine 	iamp, idettack[, knum, kdamp, kmaxshake, kfreq, kfreq1, kfreq2]</signature>
      </opcode>
      <opcode>
        <name>bamboo</name>
        <signature>ar	bamboo 	iamp, idettack[, knum, kdamp, kmaxshake, kfreq, kfreq1, kfreq2]</signature>
      </opcode>
      <opcode>
        <name>dripwater</name>
        <signature>ar	dripwater	iamp, idettack[, knum, kdamp, kmaxshake, kfreq, kfreq1, kfreq2]</signature>
      </opcode>
      <opcode>
        <name>sleighbells</name>
        <signature>ar	sleighbells	iamp, idettack[, knum, kdamp, kmaxshake, kfreq, kfreq1, kfreq2]</signature>
      </opcode>
    </opcodeGroup>
    <opcodeGroup name='Random Generators(Uniform Distribution)'>
      <opcode>
        <name>rand</name>
        <signature>nr	rand	xamp [,iseed] [,iuse31]</signature>
      </opcode>
      <opcode>
        <name>randh</name>
        <signature>nr	randh	xamp, xcps [,iseed] [,iuse31]</signature>
      </opcode>
      <opcode>
        <name>randi</name>
        <signature>nr	randi	xamp, xcps [,iseed] [,iuse31]</signature>
      </opcode>
      <opcode>
        <name>rnd(x)</name>
        <signature>rnd(x)</signature>
      </opcode>
      <opcode>
        <name>birnd(x)</name>
        <signature>birnd(x)</signature>
      </opcode>
      <opcode>
        <name>pinkish</name>
        <signature>ar	pinkish	xin[, imethod, inumbands, iseed, iskip]</signature>
      </opcode>
      <opcode>
        <name>noise</name>
        <signature>ar	noise	xamp, kbeta</signature>
      </opcode>
    </opcodeGroup>
    <opcodeGroup name='Random Generators(Various Distribution)'>
      <opcode>
        <name>linrand</name>
        <signature>xr	linrand	krange</signature>
      </opcode>
      <opcode>
        <name>trirand</name>
        <signature>xr	trirand	krange</signature>
      </opcode>
      <opcode>
        <name>exprand</name>
        <signature>xr	exprand	krange</signature>
      </opcode>
      <opcode>
        <name>bexprnd</name>
        <signature>xr	bexprnd	krange</signature>
      </opcode>
      <opcode>
        <name>cauchy</name>
        <signature>xr	cauchy	kalpha</signature>
      </opcode>
      <opcode>
        <name>pcauchy</name>
        <signature>xr	pcauchy	kalpha</signature>
      </opcode>
      <opcode>
        <name>poisson</name>
        <signature>xr	poisson	klambda</signature>
      </opcode>
      <opcode>
        <name>gauss</name>
        <signature>xr	gauss	krange</signature>
      </opcode>
      <opcode>
        <name>weibull</name>
        <signature>xr	weibull	ksigma, ktau</signature>
      </opcode>
      <opcode>
        <name>betarand</name>
        <signature>xr	betarand	krange, kalpha, kbeta</signature>
      </opcode>
      <opcode>
        <name>unirand</name>
        <signature>xr	unirand	krange</signature>
      </opcode>
      <opcode>
        <name>seed</name>
        <signature>	seed	ival</signature>
      </opcode>
    </opcodeGroup>
  </opcodeGroup>
  <opcodeGroup name='Signal Modifiers'>
    <opcodeGroup name='Sample Level Operators'>
      <opcode>
        <name>downsamp</name>
        <signature>kr	downsamp	asig [,iwlen]</signature>
      </opcode>
      <opcode>
        <name>upsamp</name>
        <signature>ar	upsamp	ksig</signature>
      </opcode>
      <opcode>
        <name>interp</name>
        <signature>ar	interp	ksig [,iskip]</signature>
      </opcode>
      <opcode>
        <name>samphold</name>
        <signature>nr	samphold	xsig, xgate [,ival, ivskip]</signature>
      </opcode>
      <opcode>
        <name>integ</name>
        <signature>nr	integ	xsig [,iskip]</signature>
      </opcode>
      <opcode>
        <name>diff</name>
        <signature>nr	diff 	xsig [,iskip]</signature>
      </opcode>
      <opcode>
        <name>ntrpol</name>
        <signature>xr	ntrpol	xsig1, xsig2, npoint [,imin, imax]</signature>
      </opcode>
      <opcode>
        <name>fold</name>
        <signature>ar	fold	asig, kincr </signature>
      </opcode>
    </opcodeGroup>
    <opcodeGroup name='Standard Filters'>
      <opcode>
        <name>portk</name>
        <signature>kr	portk	ksig, khtim [,isig]</signature>
      </opcode>
      <opcode>
        <name>port</name>
        <signature>kr	port	ksig, ihtim [,isig]</signature>
      </opcode>
      <opcode>
        <name>tonek</name>
        <signature>kr	tonek	ksig, khp [,iskip]</signature>
      </opcode>
      <opcode>
        <name>tone</name>
        <signature>ar	tone	asig, khp [,iskip]</signature>
      </opcode>
      <opcode>
        <name>tonex</name>
        <signature>ar	tonex	asig, khp [,inumlayer, iskip]</signature>
      </opcode>
      <opcode>
        <name>atonek</name>
        <signature>kr	atonek	ksig, khp [,iskip]</signature>
      </opcode>
      <opcode>
        <name>atone</name>
        <signature>ar	atone	asig, khp [,iskip]</signature>
      </opcode>
      <opcode>
        <name>atonex</name>
        <signature>ar	atonex	asig, khp [,inumlayer, iskip]</signature>
      </opcode>
      <opcode>
        <name>resonk</name>
        <signature>kr	resonk	ksig, kcf, kbw [,iscl, iskip]</signature>
      </opcode>
      <opcode>
        <name>reson</name>
        <signature>ar	reson	asig, kcf, kbw [,iscl, iskip]</signature>
      </opcode>
      <opcode>
        <name>resonx</name>
        <signature>ar	resonx	asig, kcf, kbw [,inumlayer, iscl, iskip]</signature>
      </opcode>
      <opcode>
        <name>resony</name>
        <signature>ar	resony	asig, kbf, kbw, inumlayer, ksep [,iscl, iskip]</signature>
      </opcode>
      <opcode>
        <name>aresonk</name>
        <signature>kr	aresonk	ksig, kcf, kbw [,iscl, iskip]</signature>
      </opcode>
      <opcode>
        <name>areson</name>
        <signature>ar	areson	asig, kcf, kbw [,iscl, iskip]</signature>
      </opcode>
      <opcode>
        <name>resonr</name>
        <signature>ar	resonr	asig, kcf, kbw [,iscl, iskip]</signature>
      </opcode>
      <opcode>
        <name>resonz</name>
        <signature>ar	resonz	asig, kcf, kbw [,iscl, iskip]</signature>
      </opcode>
      <opcode>
        <name>butterhp</name>
        <signature>ar	butterhp	asig, kfreq [,iskip]</signature>
      </opcode>
      <opcode>
        <name>butterlp</name>
        <signature>ar	butterlp	asig, kfreq [,iskip]</signature>
      </opcode>
      <opcode>
        <name>butterbp</name>
        <signature>ar	butterbp	asig, kfreq, kband [,iskip]</signature>
      </opcode>
      <opcode>
        <name>butterbr</name>
        <signature>ar	butterbr	asig, kfreq, kband [,iskip]</signature>
      </opcode>
      <opcode>
        <name>lowpass2</name>
        <signature>ar	lowpass2	asig, kcutoff, kq [,iskip]</signature>
      </opcode>
      <opcode>
        <name>lowres</name>
        <signature>ar	lowres	asig, kcutoff, kresonance [,iskip]</signature>
      </opcode>
      <opcode>
        <name>lowresx</name>
        <signature>ar	lowresx	asig, kcutoff, kresonance [,inumlayer, iskip]</signature>
      </opcode>
      <opcode>
        <name>vlowres</name>
        <signature>ar	vlowres	asig, kcutoff, kresonance, iord, ksep</signature>
      </opcode>
      <opcode>
        <name>biquad</name>
        <signature>ar	biquad	asig, kb0, kb1, kb2, ka0, ka1, ka2 [,iskip]</signature>
      </opcode>
      <opcode>
        <name>moogvcf</name>
        <signature>ar	moogvcf	asig, xfco, xres [,iscale]</signature>
      </opcode>
      <opcode>
        <name>lpf18</name>
        <signature>ar	lpf18	asig, kfco, kres, kdist</signature>
      </opcode>
      <opcode>
        <name>rezzy</name>
        <signature>ar	rezzy	asig, xfco, xres [,imode]</signature>
      </opcode>
      <opcode>
        <name>tbvcf</name>
        <signature>ar	tbvcf	asig, xfco, xres, kdist, kasym</signature>
      </opcode>
      <opcode>
        <name>filter2</name>
        <signature>nr	filter2	nsig, iM,iN,ib0,ib1,..., ibM,ia1,ia2,...,iaN</signature>
      </opcode>
      <opcode>
        <name>zfilter2</name>
        <signature>ar	zfilter2	asig, kdamp,kfreq,iM,iN,ib0,ib1,...,ibM,ia1,ia2,...,iaN</signature>
      </opcode>
      <opcode>
        <name>svfilter</name>
        <signature>alo,ahi,abnd  svfilter	asig, kcf, kq[, iscl]</signature>
      </opcode>
      <opcode>
        <name>pinkish</name>
        <signature>ar	pinkish	xin[, imethod, inumbands, iseed, iskip]</signature>
      </opcode>
    </opcodeGroup>
    <opcodeGroup name='Specialized Filters'>
      <opcode>
        <name>nlalp</name>
        <signature>ar	nlalp	ain, klfact, knfact [, iskip]</signature>
      </opcode>
      <opcode>
        <name>nlfilt</name>
        <signature>ar	nlfilt	ain, ka, kb, kd, kL, kC</signature>
      </opcode>
      <opcode>
        <name>pareq</name>
        <signature>ar	pareq 	asig, kc, kv, kq [,imode]</signature>
      </opcode>
      <opcode>
        <name>hilbert</name>
        <signature>are, aim	hilbert	asig</signature>
      </opcode>
    </opcodeGroup>
    <opcodeGroup name='Delays'>
      <opcode>
        <name>delayr</name>
        <signature>ar	delayr	idlt [,iskip]</signature>
      </opcode>
      <opcode>
        <name>delayw</name>
        <signature>	delayw	asig</signature>
      </opcode>
      <opcode>
        <name>delay</name>
        <signature>ar	delay	asig, idlt [,iskip]</signature>
      </opcode>
      <opcode>
        <name>delay1</name>
        <signature>ar	delay1	asig [,iskip]</signature>
      </opcode>
      <opcode>
        <name>deltap</name>
        <signature>ar	deltap	kdlt</signature>
      </opcode>
      <opcode>
        <name>deltapi</name>
        <signature>ar 	deltapi	xdlt</signature>
      </opcode>
      <opcode>
        <name>deltap3</name>
        <signature>ar 	deltap3	xdlt</signature>
      </opcode>
      <opcode>
        <name>deltapn</name>
        <signature>ar 	deltapn	xnumsamps</signature>
      </opcode>
      <opcode>
        <name>multitap</name>
        <signature>ar	multitap	asig, itime1, igain1, itime2, igain2 . . .</signature>
      </opcode>
      <opcode>
        <name>vdelay</name>
        <signature>ar	vdelay	asig, xdel, imaxdel [,iskip]</signature>
      </opcode>
      <opcode>
        <name>vdelay3</name>
        <signature>ar	vdelay3	asig, xdel, imaxdel [,iskip]</signature>
      </opcode>
      <opcode>
        <name>vdelayx</name>
        <signature>ar	vdelayx	ain, adeltim, imaxdel, iwinsiz, [iskip]</signature>
      </opcode>
      <opcode>
        <name>vdelayxs</name>
        <signature>a1, a2	vdelayxs	ain1, ain2, adeltim, imaxdel, iwinsiz,[ iskip]</signature>
      </opcode>
      <opcode>
        <name>vdelayxq</name>
        <signature>a1,...,a4	vdelayxq	ain1..4, adeltim, imaxdel, iwinsiz,[ iskip]</signature>
      </opcode>
      <opcode>
        <name>vdelayxw</name>
        <signature>ar	vdelayxw	ain, adeltim, imaxdel, iwinsiz, [iskip]</signature>
      </opcode>
      <opcode>
        <name>vdelayxws</name>
        <signature>a1, a2	vdelayxws	ain1, ain2, adeltim, imaxdel, iwinsiz,[ iskip]</signature>
      </opcode>
      <opcode>
        <name>vdelayxwq</name>
        <signature>a1,...,a4	vdelayxwq	ain1..4, adeltim, imaxdel, iwinsiz,[iskip]</signature>
      </opcode>
    </opcodeGroup>
    <opcodeGroup name='Reverbs'>
      <opcode>
        <name>comb</name>
        <signature>ar	comb 	asig, krvt, ilpt [,iskip] [,insmps]</signature>
      </opcode>
      <opcode>
        <name>alpass</name>
        <signature>ar	alpass	asig, krvt, ilpt [,iskip] [,insmps]</signature>
      </opcode>
      <opcode>
        <name>reverb</name>
        <signature>ar	reverb	asig, krvt [,iskip]</signature>
      </opcode>
      <opcode>
        <name>reverb2</name>
        <signature>ar	reverb2	asig, ktime, khdif [,iskip]</signature>
      </opcode>
      <opcode>
        <name>nreverb</name>
        <signature>ar	nreverb	asig, ktime, khdif [,iskip] [,inumCombs, ifnCombs] [,inumAlpas, ifnAlpas]</signature>
      </opcode>
      <opcode>
        <name>nestedap</name>
        <signature>ar	nestedap 	asig, imode, imaxdel, idel1, igain1 [,idel2, igain2 [,idel3, igain3]]</signature>
      </opcode>
      <opcode>
        <name>babo</name>
        <signature>ar, al	babo	asig, ksrcx, ksrcy, ksrcz, irx, iry, irz [,idiff [,ifno]]</signature>
      </opcode>
    </opcodeGroup>
    <opcodeGroup name='Waveguides'>
      <opcode>
        <name>wguide1</name>
        <signature>ar	wguide1	asig, xfreq, kcutoff, kfeedback</signature>
      </opcode>
      <opcode>
        <name>wguide2</name>
        <signature>ar	wguide2	asig, xfreq1, xfreq2, kcutoff1, kcutoff2, kfeedback1, kfeedback2</signature>
      </opcode>
      <opcode>
        <name>streson</name>
        <signature>ar	streson 	asig, kfr, ifdbgain</signature>
      </opcode>
    </opcodeGroup>
    <opcodeGroup name='FFT-Based Morphing Synthesis'>
      <opcode>
        <name>cross2</name>
        <signature>ar	cross2	ain1, ain2, ilen, iovl, iwin, kbias</signature>
      </opcode>
    </opcodeGroup>
    <opcodeGroup name='Special Effects'>
      <opcode>
        <name>phaser1</name>
        <signature>ar	phaser1	asig, kfreq, iord, kfeedback[, iskip]</signature>
      </opcode>
      <opcode>
        <name>phaser2</name>
        <signature>ar	phaser2	asig, kfreq, kq, iord, imode, ksep, kfeedback</signature>
      </opcode>
      <opcode>
        <name>flanger</name>
        <signature>ar	flanger	asig, adel, kfeedback [,imaxd]</signature>
      </opcode>
      <opcode>
        <name>harmon</name>
        <signature>ar	harmon	asig, kestfrq, kmaxvar, kgenfrq1, kgenfrq2, imode, iminfrq, iprd</signature>
      </opcode>
      <opcode>
        <name>distort1</name>
        <signature>ar	distort1 	asig [,kpregain, kpostgain, kshape1, kshape2 ]</signature>
      </opcode>
      <opcode>
        <name>waveset</name>
        <signature>ar	waveset	ain, krep</signature>
      </opcode>
    </opcodeGroup>
  </opcodeGroup>
  <opcodeGroup name='Amplitude and Spatialisation'>
    <opcodeGroup name='Gain Units'>
      <opcode>
        <name>rms</name>
        <signature>kr	rms   	asig [,ihp, iskip]</signature>
      </opcode>
      <opcode>
        <name>gain</name>
        <signature>ar	gain	asig, krms [,ihp, iskip]</signature>
      </opcode>
      <opcode>
        <name>balance</name>
        <signature>ar	balance	asig, acomp [,ihp, iskip]</signature>
      </opcode>
      <opcode>
        <name>dam</name>
        <signature>ar	dam	ain, kthresh, icomp1, icomp2, irtime, iftime</signature>
      </opcode>
    </opcodeGroup>
    <opcodeGroup name='Signal Limiters'>
      <opcode>
        <name>dcblock</name>
        <signature>ar	dcblock	asig [,igain]</signature>
      </opcode>
      <opcode>
        <name>limit</name>
        <signature>xr	limit	xsig, nlow, nhigh</signature>
      </opcode>
      <opcode>
        <name>wrap</name>
        <signature>xr	wrap	xsig, nlow, nhigh</signature>
      </opcode>
      <opcode>
        <name>mirror</name>
        <signature>xr	mirror	xsig, nlow, nhigh</signature>
      </opcode>
      <opcode>
        <name>clip</name>
        <signature>ar	clip	ain, imethod, ilimit[, iarg]</signature>
      </opcode>
    </opcodeGroup>
    <opcodeGroup name='Envelope Lines'>
      <opcode>
        <name>linen</name>
        <signature>nr	linen	xamp, irise, idur, idec</signature>
      </opcode>
      <opcode>
        <name>linenr</name>
        <signature>nr	linenr	xamp, irise, idec, iatdec</signature>
      </opcode>
      <opcode>
        <name>envlpx</name>
        <signature>nr	envlpx	xamp, irise, idur, idec, ifn, iatss, iatdec [,ixmod]</signature>
      </opcode>
      <opcode>
        <name>envlpxr</name>
        <signature>nr	envlpxr	xamp, irise, idur, idec, ifn, iatss, iatdec [,ixmod] [,irind]</signature>
      </opcode>
    </opcodeGroup>
    <opcodeGroup name='Panning and Spatialization'>
      <opcode>
        <name>pan</name>
        <signature>a1,...,a4	pan	asig, kx, ky, ifn [,imode] [,ioffset]</signature>
      </opcode>
      <opcode>
        <name>locsig</name>
        <signature>a1,a2[,a3,a4] locsig	asig, kdegree, kdistance, kreverbsend</signature>
      </opcode>
      <opcode>
        <name>locsend</name>
        <signature>a1,a2[,a3,a4] locsend</signature>
      </opcode>
      <opcode>
        <name>space</name>
        <signature>a1,..., a4	space	asig, ifn, ktime, kreverbsend [,kx, ky]</signature>
      </opcode>
      <opcode>
        <name>spsend</name>
        <signature>a1,..., a4	spsend</signature>
      </opcode>
      <opcode>
        <name>spdist</name>
        <signature>kr	spdist	ifn, ktime [,kx, ky]</signature>
      </opcode>
      <opcode>
        <name>hrtfer</name>
        <signature>aL, aR	hrtfer	asig, kAz, kElev, "HRTFcompact"</signature>
      </opcode>
      <opcode>
        <name>vbaplsinit</name>
        <signature>vbaplsinit	idim, ils_amount, idir1, idir2,... </signature>
      </opcode>
      <opcode>
        <name>vbapN (n = 4, 8, or 16)</name>
        <signature>a1,...,aN	vbapN	asig, iazi, iele, ispread</signature>
      </opcode>
      <opcode>
        <name>vbapNmove (n = 4, 8, or 16)</name>
        <signature>a1,...,aN	vbapNmove	asig, ispread, ifld_amount, ifld1, ifld2, ...</signature>
      </opcode>
      <opcode>
        <name>vbapz</name>
        <signature>	vbapz	inumchans, indx, asig, iazi, iele, ispread</signature>
      </opcode>
      <opcode>
        <name>vbapzmove</name>
        <signature>	vbapzmove	inumchans, indx, asig, ispread, ifld_amount, ifld1, ifld2, ...</signature>
      </opcode>
    </opcodeGroup>
  </opcodeGroup>
  <opcodeGroup name='Operations Using Soundfile Analysis Data'>
    <opcodeGroup name='Heterodyne Analysis'>
      <opcode>
        <name>adsyn</name>
        <signature>ar	adsyn	kamod, kfmod, ksmod, ifilcod</signature>
      </opcode>
    </opcodeGroup>
    <opcodeGroup name='Phase Vocoder'>
      <opcode>
        <name>pvoc</name>
        <signature>ar	pvoc	ktimpnt, kfmod, ifilcod [, ispecwp, iextractmode, ifreqlim, igatefun]</signature>
      </opcode>
      <opcode>
        <name>pvadd</name>
        <signature>ar	pvadd	ktimpnt, kfmod, ifile, ifn, ibins [,ibinoffset, ibinincr, iextractmode, ifreqlim, igatefun]</signature>
      </opcode>
      <opcode>
        <name>pvread</name>
        <signature>kfrq,kamp	pvread	ktimpnt, ifile, ibin</signature>
      </opcode>
      <opcode>
        <name>pvbufread</name>
        <signature>	pvbufread	ktimpnt, ifile</signature>
      </opcode>
      <opcode>
        <name>pvinterp</name>
        <signature>ar	pvinterp	ktimpnt, kfmod, ifile, kfreqscale1, kfreqscale2, kampscale1, kampscale2, kfreqinterp, kampinterp</signature>
      </opcode>
      <opcode>
        <name>pvcross</name>
        <signature>ar	pvcross	ktimpnt, kfmod, ifile, kamp1, kamp2, [ispecwp]</signature>
      </opcode>
      <opcode>
        <name>tableseg</name>
        <signature>	tableseg	ifn1, idur1, ifn2 [,idur2, ifn3[...]]</signature>
      </opcode>
      <opcode>
        <name>tablexseg</name>
        <signature>	tablexseg	ifn1, idur1, ifn2 [,idur2, ifn3[...]]</signature>
      </opcode>
      <opcode>
        <name>vpvoc</name>
        <signature>ar	vpvoc	ktimpnt, kfmod, ifilcod[, ispecwp][, ifnmagctrl]</signature>
      </opcode>
    </opcodeGroup>
    <opcodeGroup name='Linear Predictive Coding(LPC)'>
      <opcode>
        <name>lpread</name>
        <signature>	lpread	ktimpnt, ifilcod [,inpoles] [,ifrmrate]</signature>
      </opcode>
      <opcode>
        <name>lpreson</name>
        <signature>ar	lpreson	asig</signature>
      </opcode>
      <opcode>
        <name>lpfreson</name>
        <signature>ar	lpfreson	asig, kfrqratio</signature>
      </opcode>
      <opcode>
        <name>lpslot</name>
        <signature>	lpslot	islot</signature>
      </opcode>
      <opcode>
        <name>lpinterp</name>
        <signature>	lpinterp	islot1,islot2,kmix</signature>
      </opcode>
    </opcodeGroup>
    <opcodeGroup name='Fourier'>
      <opcode>
        <name>convolve</name>
        <signature>ar1[,...[,ar4]]]	convolve	ain, ifilcod [,ichan]</signature>
      </opcode>
      <opcode>
        <name>dconv</name>
        <signature>ar	dconv	asig, isize, irfn</signature>
      </opcode>
    </opcodeGroup>
  </opcodeGroup>
  <opcodeGroup name='Operations Using Spectral Data-Types'>
    <opcode>
      <name>spectrum</name>
      <signature>wsig	spectrum	xsig, iprd, iocts, ifrqs [,iq, ihann, idbout, idsprd, idsinrs]</signature>
    </opcode>
    <opcode>
      <name>specaddm</name>
      <signature>wsig	specaddm 	wsig1, wsig2 [,imul2]</signature>
    </opcode>
    <opcode>
      <name>specdiff</name>
      <signature>wsig	specdiff 	wsigin</signature>
    </opcode>
    <opcode>
      <name>specscal</name>
      <signature>wsig	specscal 	wsigin, ifscale, ifthresh</signature>
    </opcode>
    <opcode>
      <name>spechist</name>
      <signature>wsig	spechist 	wsigin</signature>
    </opcode>
    <opcode>
      <name>specfilt</name>
      <signature>wsig	specfilt 	wsigin, ifhtim</signature>
    </opcode>
    <opcode>
      <name>specptrk</name>
      <signature>koct,kamp specptrk	wsig, kvar, ilo, ihi, istrt, idbthresh, inptls, irolloff [,iodd] [,iconf] [,interp] [,ifprd] [,iwtflg]</signature>
    </opcode>
    <opcode>
      <name>specsum</name>
      <signature>ksum	specsum 	wsig [,interp]</signature>
    </opcode>
    <opcode>
      <name>specdisp</name>
      <signature>	specdisp 	wsig, iprd [,iwtflg]</signature>
    </opcode>
  </opcodeGroup>
  <opcodeGroup name='Zak Patch System'>
    <opcodeGroup name='Allocating Zak Space'>
      <opcode>
        <name>zakinit</name>
        <signature>	zakinit	isizea, isizek</signature>
      </opcode>
    </opcodeGroup>
    <opcodeGroup name='Zak Read/Write Operations'>
      <opcode>
        <name>zir</name>
        <signature>ir	zir	indx</signature>
      </opcode>
      <opcode>
        <name>zkr</name>
        <signature>kr	zkr	kndx</signature>
      </opcode>
      <opcode>
        <name>zar</name>
        <signature>ar	zar	kndx</signature>
      </opcode>
      <opcode>
        <name>zarg</name>
        <signature>ar	zarg	kndx, kgain</signature>
      </opcode>
      <opcode>
        <name>ziw</name>
        <signature>	ziw	isig, indx</signature>
      </opcode>
      <opcode>
        <name>zkw</name>
        <signature>	zkw	ksig, kndx</signature>
      </opcode>
      <opcode>
        <name>zaw</name>
        <signature>	zaw	asig, kndx</signature>
      </opcode>
      <opcode>
        <name>zkcl</name>
        <signature>	zkcl	kfirst, klast</signature>
      </opcode>
      <opcode>
        <name>zacl</name>
        <signature>	zacl	kfirst, klast</signature>
      </opcode>
    </opcodeGroup>
    <opcodeGroup name='Zak Signal Modulation'>
      <opcode>
        <name>ziwm</name>
        <signature>	ziwm	isig, indx [,imix]</signature>
      </opcode>
      <opcode>
        <name>zkwm</name>
        <signature>	zkwm	ksig, kndx [,imix]</signature>
      </opcode>
      <opcode>
        <name>zawm</name>
        <signature>	zawm	asig, kndx [,imix]</signature>
      </opcode>
      <opcode>
        <name>zkmod</name>
        <signature>kr	zkmod	ksig, kzkmod</signature>
      </opcode>
      <opcode>
        <name>zamod</name>
        <signature>ar	zamod	asig, kzamod</signature>
      </opcode>
    </opcodeGroup>
  </opcodeGroup>
  <opcodeGroup name='Signal Input and Output'>
    <opcodeGroup name='Input'>
      <opcode>
        <name>in</name>
        <signature>a1 	in</signature>
      </opcode>
      <opcode>
        <name>ins</name>
        <signature>a1, a2	ins</signature>
      </opcode>
      <opcode>
        <name>inq</name>
        <signature>a1,...,a4	inq</signature>
      </opcode>
      <opcode>
        <name>inh</name>
        <signature>a1,...,a6	inh</signature>
      </opcode>
      <opcode>
        <name>ino</name>
        <signature>a1,...,a8	ino</signature>
      </opcode>
      <opcode>
        <name>inx</name>
        <signature>a1,...,a16	inx</signature>
      </opcode>
      <opcode>
        <name>in32</name>
        <signature>a1,...,a32	in32</signature>
      </opcode>
      <opcode>
        <name>inch</name>
        <signature>a1	inch	kchannel</signature>
      </opcode>
      <opcode>
        <name>inz</name>
        <signature>	inz	kZA_indx</signature>
      </opcode>
      <opcode>
        <name>soundin</name>
        <signature>a1 [a2 or a4]	soundin	ifilcod [,iskptim] [,iformat]</signature>
      </opcode>
      <opcode>
        <name>diskin</name>
        <signature>a1[,a2[,a3,a4]]	diskin	ifilcod, kratio [,iskiptim] [,iwraparound] [,iformat]</signature>
      </opcode>
    </opcodeGroup>
    <opcodeGroup name='Output'>
      <opcode>
        <name>out</name>
        <signature>	out	asig</signature>
      </opcode>
      <opcode>
        <name>outs</name>
        <signature>	outs	asig1, asig2</signature>
      </opcode>
      <opcode>
        <name>outs1/2</name>
        <signature>	outs1/2	asig</signature>
      </opcode>
      <opcode>
        <name>outq</name>
        <signature>	outq	asig1, asig2, asig3, asig4</signature>
      </opcode>
      <opcode>
        <name>outq1/2/3/4</name>
        <signature>	outq1/2/3/4	asig</signature>
      </opcode>
      <opcode>
        <name>outh</name>
        <signature>	outh 	asig1, asig2, asig3, asig4, asig5, asig6</signature>
      </opcode>
      <opcode>
        <name>outo</name>
        <signature>	outo 	asig1, ..., asig8</signature>
      </opcode>
      <opcode>
        <name>outx</name>
        <signature>	outx	asig1, ..., asig16</signature>
      </opcode>
      <opcode>
        <name>out32</name>
        <signature>	out32	asig1, ..., asig32</signature>
      </opcode>
      <opcode>
        <name>outc</name>
        <signature>	outc	asig1[, asig2,....]</signature>
      </opcode>
      <opcode>
        <name>outch</name>
        <signature>	outch	kch1, asig1, kch2, asig2, ....</signature>
      </opcode>
      <opcode>
        <name>outz</name>
        <signature>	outz	kZA_indx</signature>
      </opcode>
      <opcode>
        <name>soundout</name>
        <signature>	soundout 	asig, "soundfilename" [,iformat]</signature>
      </opcode>
    </opcodeGroup>
    <opcodeGroup name='SoundFont 2 Format File Sample Input'>
      <opcode>
        <name>sfload</name>
        <signature>ifilhandle	sfload	"filename" </signature>
      </opcode>
      <opcode>
        <name>sfplist</name>
        <signature>	sfplist	ifilhandle</signature>
      </opcode>
      <opcode>
        <name>sfilist</name>
        <signature>	sfilist	ifilhandle</signature>
      </opcode>
      <opcode>
        <name>sfpassign</name>
        <signature>	sfpassign	istartindex, ifilhandle</signature>
      </opcode>
      <opcode>
        <name>sfpreset</name>
        <signature>	ipreindex	sfpreset	iprog, ibank, ifilhandle, ipreindex</signature>
      </opcode>
      <opcode>
        <name>sfplay</name>
        <signature>a1, a2	sfplay	ivel, inotnum, xamp, xfreq, ipreindex [, iflag]</signature>
      </opcode>
      <opcode>
        <name>sfplaym</name>
        <signature>a1	sfplaym	ivel, inotnum, xamp, xfreq, ipreindex [, iflag]</signature>
      </opcode>
      <opcode>
        <name>sfinstr</name>
        <signature>a1, a2	sfinstr	ivel, inotnum, xamp, xfreq, instrNum, ifilhandle [, iflag]</signature>
      </opcode>
      <opcode>
        <name>sfinstrm</name>
        <signature>a1	sfinstrm	ivel, inotnum, xamp, xfreq, instrNum, ifilhandle [, iflag]</signature>
      </opcode>
      <opcode>
        <name>sfinstr3</name>
        <signature>a1, a2	sfinstr3	ivel, inotnum, xamp, xfreq, instrNum, ifilhandle [, iflag]</signature>
      </opcode>
      <opcode>
        <name>sfinstr3m</name>
        <signature>a1	sfinstr3m	ivel, inotnum, xamp, xfreq, instrNum, ifilhandle [, iflag]</signature>
      </opcode>
      <opcode>
        <name>sfplay3</name>
        <signature>a1, a2	sfplay3	ivel, inotnum, xamp, xfreq, ipreindex [, iflag]</signature>
      </opcode>
      <opcode>
        <name>sfplay3m</name>
        <signature>a1	sfplay3m	ivel, inotnum, xamp, xfreq, ipreindex [, iflag]</signature>
      </opcode>
    </opcodeGroup>
    <opcodeGroup name='Generic File Access'>
      <opcode>
        <name>fiopen</name>
        <signature>ihandle	fiopen	"ifilename",imode </signature>
      </opcode>
      <opcode>
        <name>fout</name>
        <signature>	fout	"ifilename", iformat, aout1 [, aout2, aout3,.... ,aoutN]</signature>
      </opcode>
      <opcode>
        <name>foutk</name>
        <signature>	foutk	"ifilename", iformat, kout1 [, kout2, kout3,....,koutN]</signature>
      </opcode>
      <opcode>
        <name>fouti</name>
        <signature>	fouti	ihandle, iformat, iflag, iout1 [, iout2, iout3,....,ioutN]</signature>
      </opcode>
      <opcode>
        <name>foutir</name>
        <signature>	foutir	ihandle, iformat, iflag, iout1 [, iout2, iout3,....,ioutN]</signature>
      </opcode>
      <opcode>
        <name>fin</name>
        <signature>	fin	"ifilename", iskipframes, iformat, ain1 [, ain2, ain3,.... ,ainN]</signature>
      </opcode>
      <opcode>
        <name>fink</name>
        <signature>	fink	"ifilename", iskipframes, iformat, kin1 [, kin2, kin3,.... ,kinN]</signature>
      </opcode>
      <opcode>
        <name>fini</name>
        <signature>	fini	"ifilename", iskipframes, iformat, in1 [, in2, in3,.... ,inN]</signature>
      </opcode>
      <opcode>
        <name>vincr</name>
        <signature>	vincr	asig, aincr</signature>
      </opcode>
      <opcode>
        <name>clear</name>
        <signature>	clear	avar1 [,avar2, avar3,...,avarN]</signature>
      </opcode>
    </opcodeGroup>
    <opcodeGroup name='Soundfile Information Retrieval'>
      <opcode>
        <name>filelen</name>
        <signature>ilen	filelen	ifilcod</signature>
      </opcode>
      <opcode>
        <name>filesr</name>
        <signature>isr	filesr	ifilcod</signature>
      </opcode>
      <opcode>
        <name>filenchnls</name>
        <signature>ichnls	filenchnls	ifilcod</signature>
      </opcode>
      <opcode>
        <name>filepeak</name>
        <signature>ipeak	filepeak	ifilcod, [ichnl]</signature>
      </opcode>
    </opcodeGroup>
    <opcodeGroup name='Display k- and a-rate Signals'>
      <opcode>
        <name>display</name>
        <signature>	display	nsig, iprd [,inprds] [,iwtflg]</signature>
      </opcode>
      <opcode>
        <name>dispfft</name>
        <signature>	dispfft 	nsig, iprd, iwsiz [,iwtyp] [,idbouti] [,wtflg]</signature>
      </opcode>
    </opcodeGroup>
    <opcodeGroup name='Print i- or k-rate Values'>
      <opcode>
        <name>print</name>
        <signature>	print 	iarg [,iarg,...]</signature>
      </opcode>
      <opcode>
        <name>printk</name>
        <signature>	printk 	itime, kval [,ispace]</signature>
      </opcode>
      <opcode>
        <name>printk2</name>
        <signature>	printk2	kval [,ispace]</signature>
      </opcode>
      <opcode>
        <name>printks</name>
        <signature>	printks	"txtstring", itime, kval1, kval2, kval3, kval4</signature>
      </opcode>
    </opcodeGroup>
    <opcodeGroup name='In/Output k-rate Values to File'>
      <opcode>
        <name>readk</name>
        <signature>k1	readk 	"ifilname", iformat, iprd [,interp]</signature>
      </opcode>
      <opcode>
        <name>readk2</name>
        <signature>k1,k2	readk2 	"ifilname", iformat, iprd [,interp]</signature>
      </opcode>
      <opcode>
        <name>readk3</name>
        <signature>k1,k2,k3	readk3 	"ifilname", iformat, iprd [,interp]</signature>
      </opcode>
      <opcode>
        <name>readk4</name>
        <signature>k1,..., k4	readk4 	"ifilname", iformat, iprd [,interp]</signature>
      </opcode>
      <opcode>
        <name>dumpk</name>
        <signature>dumpk	ksig, "ifilname", iformat, iprd</signature>
      </opcode>
      <opcode>
        <name>dumpk2</name>
        <signature>dumpk2	ksig1, ksig2, "ifilname", iformat, iprd</signature>
      </opcode>
      <opcode>
        <name>dumpk3</name>
        <signature>dumpk3	ksig1, ksig2, ksig3, "ifilname", iformat, iprd</signature>
      </opcode>
      <opcode>
        <name>dumpk4</name>
        <signature>dumpk4	ksig1, ksig2, ksig3, ksig4, "ifilname", iformat, iprd</signature>
      </opcode>
    </opcodeGroup>
  </opcodeGroup>
</CsoundOpcodes>