<?xml version='1.0' encoding='UTF-8'?>
<blueRegistry>
  <soundObjects>
    <soundObject>blue.soundObject.PolyObject</soundObject>
    <soundObject>blue.soundObject.GenericScore</soundObject>
    <soundObject>blue.soundObject.PythonObject</soundObject>
    <soundObject>blue.soundObject.Sound</soundObject>
    <soundObject>blue.soundObject.DurationsSequence</soundObject>
    <soundObject>blue.soundObject.Comment</soundObject>	
  </soundObjects>
  <instruments>
    <instrument>blue.orchestra.GenericInstrument</instrument>
  </instruments>
  <noteProcessors>
    <noteProcessor>blue.noteProcessor.AddProcessor</noteProcessor>
    <noteProcessor>blue.noteProcessor.MultiplyProcessor</noteProcessor>
    <noteProcessor>blue.noteProcessor.SubListProcessor</noteProcessor>
    <noteProcessor>blue.noteProcessor.PchAddProcessor</noteProcessor>
    <noteProcessor>blue.noteProcessor.RetrogradeProcessor</noteProcessor>
  </noteProcessors>
</blueRegistry>
